episode,cumulative_reward
0,-500.0
1,-500.0
2,-500.0
3,-171.0
4,-234.0
5,-205.0
6,-198.0
7,-431.0
8,-500.0
9,-500.0
10,-500.0
11,-500.0
12,-500.0
13,-500.0
14,-500.0
15,-500.0
16,-500.0
17,-500.0
18,-500.0
19,-454.0
20,-500.0
21,-500.0
22,-500.0
23,-500.0
24,-500.0
25,-500.0
26,-500.0
27,-500.0
28,-500.0
29,-386.0
30,-257.0
31,-500.0
32,-473.0
33,-372.0
34,-198.0
35,-235.0
36,-360.0
37,-242.0
38,-279.0
39,-232.0
40,-261.0
41,-178.0
42,-258.0
43,-245.0
44,-186.0
45,-190.0
46,-500.0
47,-500.0
48,-302.0
49,-500.0
50,-441.0
51,-289.0
52,-500.0
53,-274.0
54,-366.0
55,-500.0
56,-318.0
57,-378.0
58,-255.0
59,-177.0
60,-500.0
61,-352.0
62,-500.0
63,-500.0
64,-443.0
65,-500.0
66,-315.0
67,-500.0
68,-483.0
69,-354.0
70,-336.0
71,-177.0
72,-260.0
73,-241.0
74,-500.0
75,-476.0
76,-500.0
77,-500.0
78,-404.0
79,-500.0
80,-500.0
81,-500.0
82,-430.0
83,-500.0
84,-500.0
85,-351.0
86,-468.0
87,-416.0
88,-239.0
89,-500.0
90,-500.0
91,-357.0
92,-259.0
93,-126.0
94,-418.0
95,-221.0
96,-195.0
97,-439.0
98,-252.0
99,-405.0
100,-424.0
101,-245.0
102,-500.0
103,-500.0
104,-237.0
105,-377.0
106,-412.0
107,-500.0
108,-500.0
109,-486.0
110,-339.0
111,-316.0
112,-348.0
113,-211.0
114,-322.0
115,-228.0
116,-266.0
117,-365.0
118,-303.0
119,-224.0
120,-352.0
121,-500.0
122,-464.0
123,-371.0
124,-191.0
125,-198.0
126,-295.0
127,-297.0
128,-405.0
129,-463.0
130,-221.0
131,-220.0
132,-124.0
133,-367.0
134,-205.0
135,-357.0
136,-379.0
137,-500.0
138,-481.0
139,-460.0
140,-192.0
141,-500.0
142,-151.0
143,-215.0
144,-227.0
145,-179.0
146,-267.0
147,-500.0
148,-500.0
149,-319.0
150,-119.0
151,-179.0
152,-123.0
153,-336.0
154,-250.0
155,-207.0
156,-187.0
157,-270.0
158,-139.0
159,-257.0
160,-199.0
161,-414.0
162,-500.0
163,-175.0
164,-173.0
165,-162.0
166,-178.0
167,-340.0
168,-259.0
169,-230.0
170,-364.0
171,-163.0
172,-206.0
173,-205.0
174,-428.0
175,-156.0
176,-259.0
177,-276.0
178,-221.0
179,-244.0
180,-151.0
181,-293.0
182,-191.0
183,-208.0
184,-288.0
185,-160.0
186,-175.0
187,-188.0
188,-259.0
189,-210.0
190,-137.0
191,-207.0
192,-500.0
193,-260.0
194,-173.0
195,-417.0
196,-274.0
197,-329.0
198,-143.0
199,-203.0
200,-189.0
201,-188.0
202,-475.0
203,-153.0
204,-199.0
205,-196.0
206,-163.0
207,-184.0
208,-178.0
209,-214.0
210,-165.0
211,-104.0
212,-249.0
213,-188.0
214,-114.0
215,-160.0
216,-143.0
217,-223.0
218,-215.0
219,-184.0
220,-276.0
221,-148.0
222,-166.0
223,-123.0
224,-185.0
225,-195.0
226,-116.0
227,-206.0
228,-225.0
229,-136.0
230,-201.0
231,-109.0
232,-179.0
233,-182.0
234,-113.0
235,-281.0
236,-116.0
237,-77.0
238,-184.0
239,-131.0
240,-92.0
241,-102.0
242,-255.0
243,-150.0
244,-143.0
245,-111.0
246,-156.0
247,-197.0
248,-164.0
249,-186.0
250,-134.0
251,-212.0
252,-122.0
253,-146.0
254,-226.0
255,-135.0
256,-133.0
257,-133.0
258,-288.0
259,-203.0
260,-133.0
261,-150.0
262,-136.0
263,-285.0
264,-189.0
265,-221.0
266,-152.0
267,-174.0
268,-238.0
269,-107.0
270,-174.0
271,-166.0
272,-150.0
273,-126.0
274,-141.0
275,-103.0
276,-182.0
277,-149.0
278,-155.0
279,-245.0
280,-148.0
281,-111.0
282,-205.0
283,-246.0
284,-217.0
285,-199.0
286,-184.0
287,-102.0
288,-139.0
289,-155.0
290,-139.0
291,-158.0
292,-443.0
293,-226.0
294,-228.0
295,-88.0
296,-136.0
297,-177.0
298,-153.0
299,-200.0
300,-221.0
301,-196.0
302,-92.0
303,-124.0
304,-121.0
305,-159.0
306,-113.0
307,-163.0
308,-193.0
309,-228.0
310,-181.0
311,-137.0
312,-197.0
313,-153.0
314,-136.0
315,-146.0
316,-171.0
317,-119.0
318,-150.0
319,-124.0
320,-213.0
321,-126.0
322,-107.0
323,-91.0
324,-113.0
325,-139.0
326,-105.0
327,-167.0
328,-181.0
329,-113.0
330,-96.0
331,-125.0
332,-98.0
333,-172.0
334,-147.0
335,-285.0
336,-201.0
337,-89.0
338,-132.0
339,-228.0
340,-158.0
341,-126.0
342,-172.0
343,-155.0
344,-225.0
345,-128.0
346,-127.0
347,-225.0
348,-117.0
349,-122.0
350,-93.0
351,-120.0
352,-107.0
353,-208.0
354,-144.0
355,-188.0
356,-149.0
357,-101.0
358,-221.0
359,-134.0
360,-100.0
361,-126.0
362,-155.0
363,-196.0
364,-120.0
365,-157.0
366,-194.0
367,-152.0
368,-161.0
369,-109.0
370,-128.0
371,-125.0
372,-228.0
373,-267.0
374,-96.0
375,-231.0
376,-192.0
377,-229.0
378,-204.0
379,-126.0
380,-157.0
381,-204.0
382,-223.0
383,-123.0
384,-110.0
385,-162.0
386,-162.0
387,-128.0
388,-308.0
389,-197.0
390,-173.0
391,-157.0
392,-137.0
393,-137.0
394,-154.0
395,-205.0
396,-149.0
397,-222.0
398,-193.0
399,-271.0
400,-172.0
401,-287.0
402,-167.0
403,-112.0
404,-307.0
405,-99.0
406,-164.0
407,-311.0
408,-198.0
409,-383.0
410,-185.0
411,-196.0
412,-245.0
413,-113.0
414,-213.0
415,-133.0
416,-101.0
417,-149.0
418,-182.0
419,-185.0
420,-220.0
421,-161.0
422,-174.0
423,-171.0
424,-122.0
425,-201.0
426,-180.0
427,-144.0
428,-213.0
429,-250.0
430,-176.0
431,-253.0
432,-121.0
433,-194.0
434,-210.0
435,-178.0
436,-252.0
437,-175.0
438,-113.0
439,-160.0
440,-154.0
441,-147.0
442,-91.0
443,-174.0
444,-183.0
445,-187.0
446,-247.0
447,-125.0
448,-162.0
449,-129.0
450,-128.0
451,-235.0
452,-129.0
453,-170.0
454,-126.0
455,-205.0
456,-181.0
457,-180.0
458,-152.0
459,-170.0
460,-178.0
461,-261.0
462,-178.0
463,-292.0
464,-159.0
465,-103.0
466,-220.0
467,-154.0
468,-104.0
469,-159.0
470,-149.0
471,-195.0
472,-153.0
473,-128.0
474,-250.0
475,-238.0
476,-103.0
477,-176.0
478,-162.0
479,-176.0
480,-188.0
481,-214.0
482,-159.0
483,-221.0
484,-273.0
485,-238.0
486,-167.0
487,-370.0
488,-169.0
489,-252.0
490,-219.0
491,-134.0
492,-198.0
493,-251.0
494,-113.0
495,-179.0
496,-183.0
497,-255.0
498,-191.0
499,-181.0
500,-371.0
501,-129.0
502,-159.0
503,-222.0
504,-172.0
505,-173.0
506,-127.0
507,-480.0
508,-243.0
509,-212.0
510,-207.0
511,-129.0
512,-151.0
513,-500.0
514,-160.0
515,-395.0
516,-200.0
517,-277.0
518,-279.0
519,-160.0
520,-130.0
521,-293.0
522,-196.0
523,-203.0
524,-291.0
525,-171.0
526,-235.0
527,-218.0
528,-227.0
529,-134.0
530,-160.0
531,-229.0
532,-164.0
533,-289.0
534,-230.0
535,-212.0
536,-209.0
537,-135.0
538,-179.0
539,-209.0
540,-216.0
541,-272.0
542,-315.0
543,-244.0
544,-153.0
545,-229.0
546,-181.0
547,-214.0
548,-296.0
549,-169.0
550,-230.0
551,-281.0
552,-233.0
553,-378.0
554,-201.0
555,-310.0
556,-203.0
557,-262.0
558,-426.0
559,-291.0
560,-214.0
561,-222.0
562,-148.0
563,-182.0
564,-199.0
565,-240.0
566,-272.0
567,-184.0
568,-260.0
569,-220.0
570,-500.0
571,-175.0
572,-211.0
573,-208.0
574,-191.0
575,-367.0
576,-267.0
577,-333.0
578,-206.0
579,-208.0
580,-218.0
581,-205.0
582,-299.0
583,-169.0
584,-340.0
585,-191.0
586,-152.0
587,-340.0
588,-263.0
589,-359.0
590,-194.0
591,-154.0
592,-165.0
593,-197.0
594,-300.0
595,-203.0
596,-190.0
597,-202.0
598,-192.0
599,-407.0
600,-430.0
601,-118.0
602,-332.0
603,-221.0
604,-282.0
605,-193.0
606,-258.0
607,-383.0
608,-261.0
609,-489.0
610,-488.0
611,-225.0
612,-152.0
613,-138.0
614,-252.0
615,-277.0
616,-233.0
617,-203.0
618,-212.0
619,-346.0
620,-170.0
621,-211.0
622,-186.0
623,-120.0
624,-142.0
625,-159.0
626,-219.0
627,-235.0
628,-304.0
629,-161.0
630,-196.0
631,-287.0
632,-302.0
633,-223.0
634,-307.0
635,-198.0
636,-220.0
637,-185.0
638,-239.0
639,-348.0
640,-269.0
641,-295.0
642,-179.0
643,-143.0
644,-216.0
645,-358.0
646,-149.0
647,-218.0
648,-271.0
649,-153.0
650,-116.0
651,-156.0
652,-133.0
653,-216.0
654,-245.0
655,-154.0
656,-187.0
657,-124.0
658,-152.0
659,-267.0
660,-189.0
661,-248.0
662,-249.0
663,-214.0
664,-262.0
665,-176.0
666,-149.0
667,-176.0
668,-204.0
669,-224.0
670,-223.0
671,-201.0
672,-169.0
673,-197.0
674,-313.0
675,-176.0
676,-167.0
677,-142.0
678,-198.0
679,-248.0
680,-127.0
681,-99.0
682,-223.0
683,-122.0
684,-387.0
685,-418.0
686,-273.0
687,-202.0
688,-183.0
689,-175.0
690,-171.0
691,-110.0
692,-147.0
693,-181.0
694,-146.0
695,-174.0
696,-198.0
697,-192.0
698,-141.0
699,-147.0
700,-214.0
701,-171.0
702,-296.0
703,-242.0
704,-232.0
705,-373.0
706,-278.0
707,-176.0
708,-123.0
709,-141.0
710,-100.0
711,-217.0
712,-168.0
713,-279.0
714,-316.0
715,-197.0
716,-125.0
717,-127.0
718,-180.0
719,-131.0
720,-157.0
721,-155.0
722,-131.0
723,-302.0
724,-205.0
725,-232.0
726,-206.0
727,-200.0
728,-127.0
729,-226.0
730,-229.0
731,-231.0
732,-185.0
733,-209.0
734,-177.0
735,-164.0
736,-147.0
737,-215.0
738,-203.0
739,-116.0
740,-169.0
741,-197.0
742,-305.0
743,-190.0
744,-267.0
745,-133.0
746,-199.0
747,-255.0
748,-111.0
749,-230.0
750,-135.0
751,-185.0
752,-254.0
753,-158.0
754,-245.0
755,-155.0
756,-142.0
757,-291.0
758,-172.0
759,-228.0
760,-195.0
761,-256.0
762,-201.0
763,-190.0
764,-165.0
765,-134.0
766,-302.0
767,-170.0
768,-181.0
769,-219.0
770,-194.0
771,-169.0
772,-193.0
773,-210.0
774,-192.0
775,-244.0
776,-180.0
777,-150.0
778,-125.0
779,-174.0
780,-129.0
781,-266.0
782,-137.0
783,-180.0
784,-179.0
785,-136.0
786,-166.0
787,-236.0
788,-149.0
789,-126.0
790,-167.0
791,-192.0
792,-339.0
793,-118.0
794,-180.0
795,-181.0
796,-225.0
797,-261.0
798,-241.0
799,-292.0
800,-208.0
801,-147.0
802,-169.0
803,-169.0
804,-178.0
805,-143.0
806,-156.0
807,-153.0
808,-187.0
809,-162.0
810,-149.0
811,-145.0
812,-138.0
813,-156.0
814,-157.0
815,-195.0
816,-172.0
817,-220.0
818,-214.0
819,-196.0
820,-178.0
821,-253.0
822,-156.0
823,-304.0
824,-173.0
825,-209.0
826,-211.0
827,-188.0
828,-182.0
829,-295.0
830,-152.0
831,-130.0
832,-173.0
833,-232.0
834,-160.0
835,-268.0
836,-232.0
837,-185.0
838,-185.0
839,-219.0
840,-199.0
841,-204.0
842,-190.0
843,-339.0
844,-321.0
845,-318.0
846,-229.0
847,-164.0
848,-166.0
849,-258.0
850,-124.0
851,-156.0
852,-291.0
853,-129.0
854,-170.0
855,-340.0
856,-230.0
857,-185.0
858,-246.0
859,-197.0
860,-354.0
861,-138.0
862,-135.0
863,-265.0
864,-322.0
865,-340.0
866,-205.0
867,-221.0
868,-175.0
869,-378.0
870,-164.0
871,-239.0
872,-236.0
873,-165.0
874,-185.0
875,-226.0
876,-238.0
877,-268.0
878,-327.0
879,-173.0
880,-233.0
881,-186.0
882,-157.0
883,-323.0
884,-383.0
885,-469.0
886,-195.0
887,-324.0
888,-194.0
889,-275.0
890,-500.0
891,-355.0
892,-417.0
893,-342.0
894,-218.0
895,-323.0
896,-213.0
897,-301.0
898,-247.0
899,-381.0
900,-283.0
901,-198.0
902,-184.0
903,-306.0
904,-153.0
905,-213.0
906,-162.0
907,-116.0
908,-179.0
909,-256.0
910,-265.0
911,-186.0
912,-211.0
913,-214.0
914,-445.0
915,-249.0
916,-262.0
917,-236.0
918,-153.0
919,-185.0
920,-221.0
921,-211.0
922,-216.0
923,-170.0
924,-220.0
925,-200.0
926,-195.0
927,-236.0
928,-251.0
929,-235.0
930,-167.0
931,-156.0
932,-292.0
933,-230.0
934,-224.0
935,-157.0
936,-197.0
937,-247.0
938,-187.0
939,-201.0
940,-194.0
941,-114.0
942,-141.0
943,-102.0
944,-173.0
945,-143.0
946,-216.0
947,-194.0
948,-155.0
949,-144.0
950,-170.0
951,-323.0
952,-130.0
953,-250.0
954,-242.0
955,-193.0
956,-182.0
957,-209.0
958,-214.0
959,-185.0
960,-155.0
961,-182.0
962,-312.0
963,-271.0
964,-192.0
965,-114.0
966,-291.0
967,-165.0
968,-203.0
969,-210.0
970,-107.0
971,-184.0
972,-233.0
973,-243.0
974,-209.0
975,-274.0
976,-178.0
977,-213.0
978,-221.0
979,-273.0
980,-192.0
981,-162.0
982,-235.0
983,-203.0
984,-233.0
985,-179.0
986,-170.0
987,-221.0
988,-205.0
989,-192.0
990,-244.0
991,-195.0
992,-166.0
993,-215.0
994,-199.0
995,-172.0
996,-238.0
997,-215.0
998,-222.0
999,-143.0
1000,-200.0
1001,-160.0
1002,-265.0
1003,-217.0
1004,-223.0
1005,-242.0
1006,-160.0
1007,-154.0
1008,-171.0
1009,-175.0
1010,-160.0
1011,-294.0
1012,-178.0
1013,-151.0
1014,-223.0
1015,-106.0
1016,-199.0
1017,-179.0
1018,-174.0
1019,-185.0
1020,-163.0
1021,-295.0
1022,-169.0
1023,-224.0
1024,-240.0
1025,-132.0
1026,-195.0
1027,-153.0
1028,-154.0
1029,-306.0
1030,-168.0
1031,-161.0
1032,-227.0
1033,-188.0
1034,-272.0
1035,-300.0
1036,-140.0
1037,-130.0
1038,-189.0
1039,-150.0
1040,-216.0
1041,-162.0
1042,-148.0
1043,-195.0
1044,-370.0
1045,-224.0
1046,-162.0
1047,-236.0
1048,-235.0
1049,-326.0
1050,-129.0
1051,-245.0
1052,-124.0
1053,-216.0
1054,-226.0
1055,-239.0
1056,-242.0
1057,-250.0
1058,-163.0
1059,-184.0
1060,-201.0
1061,-200.0
1062,-175.0
1063,-200.0
1064,-229.0
1065,-318.0
1066,-192.0
1067,-149.0
1068,-198.0
1069,-114.0
1070,-208.0
1071,-156.0
1072,-185.0
1073,-184.0
1074,-162.0
1075,-256.0
1076,-204.0
1077,-182.0
1078,-185.0
1079,-181.0
1080,-307.0
1081,-172.0
1082,-242.0
1083,-192.0
1084,-319.0
1085,-205.0
1086,-260.0
1087,-255.0
1088,-180.0
1089,-300.0
1090,-326.0
1091,-178.0
1092,-240.0
1093,-182.0
1094,-231.0
1095,-227.0
1096,-144.0
1097,-236.0
1098,-336.0
1099,-201.0
1100,-308.0
1101,-162.0
1102,-314.0
1103,-181.0
1104,-177.0
1105,-244.0
1106,-296.0
1107,-188.0
1108,-173.0
1109,-101.0
1110,-172.0
1111,-157.0
1112,-235.0
1113,-276.0
1114,-358.0
1115,-217.0
1116,-322.0
1117,-187.0
1118,-305.0
1119,-230.0
1120,-173.0
1121,-164.0
1122,-149.0
1123,-265.0
1124,-264.0
1125,-201.0
1126,-125.0
1127,-154.0
1128,-177.0
1129,-146.0
1130,-213.0
1131,-245.0
1132,-144.0
1133,-187.0
1134,-172.0
1135,-232.0
1136,-146.0
1137,-213.0
1138,-253.0
1139,-268.0
1140,-214.0
1141,-116.0
1142,-216.0
1143,-132.0
1144,-274.0
1145,-212.0
1146,-171.0
1147,-126.0
1148,-229.0
1149,-247.0
1150,-297.0
1151,-206.0
1152,-205.0
1153,-203.0
1154,-127.0
1155,-227.0
1156,-180.0
1157,-218.0
1158,-202.0
1159,-234.0
1160,-161.0
1161,-167.0
1162,-203.0
1163,-200.0
1164,-278.0
1165,-193.0
1166,-214.0
1167,-163.0
1168,-302.0
1169,-203.0
1170,-204.0
1171,-261.0
1172,-204.0
1173,-183.0
1174,-177.0
1175,-227.0
1176,-162.0
1177,-171.0
1178,-249.0
1179,-190.0
1180,-185.0
1181,-185.0
1182,-207.0
1183,-289.0
1184,-223.0
1185,-230.0
1186,-197.0
1187,-216.0
1188,-178.0
1189,-261.0
1190,-400.0
1191,-218.0
1192,-261.0
1193,-278.0
1194,-191.0
1195,-122.0
1196,-125.0
1197,-215.0
1198,-191.0
1199,-198.0
1200,-282.0
1201,-239.0
1202,-201.0
1203,-136.0
1204,-228.0
1205,-146.0
1206,-135.0
1207,-226.0
1208,-202.0
1209,-244.0
1210,-198.0
1211,-188.0
1212,-217.0
1213,-268.0
1214,-214.0
1215,-231.0
1216,-139.0
1217,-142.0
1218,-233.0
1219,-221.0
1220,-173.0
1221,-141.0
1222,-156.0
1223,-120.0
1224,-278.0
1225,-133.0
1226,-346.0
1227,-260.0
1228,-201.0
1229,-180.0
1230,-294.0
1231,-182.0
1232,-197.0
1233,-248.0
1234,-237.0
1235,-243.0
1236,-220.0
1237,-223.0
1238,-235.0
1239,-290.0
1240,-166.0
1241,-191.0
1242,-175.0
1243,-230.0
1244,-294.0
1245,-137.0
1246,-217.0
1247,-211.0
1248,-205.0
1249,-245.0
1250,-158.0
1251,-251.0
1252,-234.0
1253,-284.0
1254,-217.0
1255,-204.0
1256,-180.0
1257,-224.0
1258,-204.0
1259,-500.0
1260,-188.0
1261,-203.0
1262,-365.0
1263,-256.0
1264,-192.0
1265,-139.0
1266,-132.0
1267,-258.0
1268,-267.0
1269,-234.0
1270,-203.0
1271,-272.0
1272,-214.0
1273,-173.0
1274,-238.0
1275,-209.0
1276,-144.0
1277,-250.0
1278,-166.0
1279,-348.0
1280,-210.0
1281,-170.0
1282,-252.0
1283,-175.0
1284,-229.0
1285,-286.0
1286,-215.0
1287,-181.0
1288,-178.0
1289,-210.0
1290,-146.0
1291,-234.0
1292,-191.0
1293,-249.0
1294,-272.0
1295,-140.0
1296,-144.0
1297,-224.0
1298,-242.0
1299,-137.0
1300,-188.0
1301,-172.0
1302,-431.0
1303,-162.0
1304,-142.0
1305,-190.0
1306,-321.0
1307,-279.0
1308,-201.0
1309,-156.0
1310,-425.0
1311,-298.0
1312,-263.0
1313,-202.0
1314,-206.0
1315,-232.0
1316,-281.0
1317,-211.0
1318,-96.0
1319,-163.0
1320,-260.0
1321,-188.0
1322,-200.0
1323,-169.0
1324,-126.0
1325,-165.0
1326,-243.0
1327,-168.0
1328,-242.0
1329,-152.0
1330,-248.0
1331,-276.0
1332,-240.0
1333,-233.0
1334,-168.0
1335,-183.0
1336,-169.0
1337,-231.0
1338,-169.0
1339,-226.0
1340,-184.0
1341,-250.0
1342,-317.0
1343,-252.0
1344,-175.0
1345,-200.0
1346,-215.0
1347,-258.0
1348,-193.0
1349,-165.0
1350,-366.0
1351,-124.0
1352,-299.0
1353,-209.0
1354,-210.0
1355,-304.0
1356,-252.0
1357,-192.0
1358,-378.0
1359,-234.0
1360,-306.0
1361,-500.0
1362,-169.0
1363,-228.0
1364,-260.0
1365,-297.0
1366,-268.0
1367,-149.0
1368,-427.0
1369,-192.0
1370,-150.0
1371,-150.0
1372,-253.0
1373,-256.0
1374,-284.0
1375,-440.0
1376,-203.0
1377,-500.0
1378,-134.0
1379,-216.0
1380,-210.0
1381,-353.0
1382,-191.0
1383,-162.0
1384,-226.0
1385,-243.0
1386,-187.0
1387,-180.0
1388,-342.0
1389,-188.0
1390,-177.0
1391,-183.0
1392,-218.0
1393,-259.0
1394,-245.0
1395,-285.0
1396,-257.0
1397,-248.0
1398,-173.0
1399,-192.0
1400,-258.0
1401,-243.0
1402,-204.0
1403,-130.0
1404,-201.0
1405,-500.0
1406,-227.0
1407,-239.0
1408,-243.0
1409,-161.0
1410,-218.0
1411,-204.0
1412,-361.0
1413,-500.0
1414,-225.0
1415,-207.0
1416,-337.0
1417,-137.0
1418,-184.0
1419,-181.0
1420,-204.0
1421,-141.0
1422,-235.0
1423,-327.0
1424,-243.0
1425,-162.0
1426,-314.0
1427,-190.0
1428,-166.0
1429,-215.0
1430,-500.0
1431,-314.0
1432,-170.0
1433,-185.0
1434,-263.0
1435,-121.0
1436,-232.0
1437,-215.0
1438,-197.0
1439,-223.0
1440,-256.0
1441,-301.0
1442,-182.0
1443,-152.0
1444,-167.0
1445,-247.0
1446,-272.0
1447,-263.0
1448,-125.0
1449,-193.0
1450,-147.0
1451,-209.0
1452,-226.0
1453,-264.0
1454,-179.0
1455,-181.0
1456,-146.0
1457,-251.0
1458,-187.0
1459,-183.0
1460,-186.0
1461,-197.0
1462,-500.0
1463,-323.0
1464,-183.0
1465,-206.0
1466,-177.0
1467,-247.0
1468,-186.0
1469,-251.0
1470,-287.0
1471,-161.0
1472,-345.0
1473,-265.0
1474,-176.0
1475,-268.0
1476,-236.0
1477,-360.0
1478,-250.0
1479,-201.0
1480,-361.0
1481,-363.0
1482,-197.0
1483,-176.0
1484,-231.0
1485,-145.0
1486,-247.0
1487,-234.0
1488,-200.0
1489,-175.0
1490,-199.0
1491,-202.0
1492,-124.0
1493,-149.0
1494,-277.0
1495,-134.0
1496,-285.0
1497,-500.0
1498,-304.0
1499,-192.0
1500,-141.0
1501,-162.0
1502,-222.0
1503,-206.0
1504,-236.0
1505,-193.0
1506,-265.0
1507,-174.0
1508,-331.0
1509,-169.0
1510,-179.0
1511,-247.0
1512,-218.0
1513,-193.0
1514,-153.0
1515,-207.0
1516,-202.0
1517,-196.0
1518,-323.0
1519,-430.0
1520,-230.0
1521,-216.0
1522,-338.0
1523,-218.0
1524,-219.0
1525,-226.0
1526,-285.0
1527,-164.0
1528,-359.0
1529,-217.0
1530,-221.0
1531,-163.0
1532,-246.0
1533,-212.0
1534,-214.0
1535,-151.0
1536,-200.0
1537,-202.0
1538,-225.0
1539,-259.0
1540,-215.0
1541,-283.0
1542,-235.0
1543,-185.0
1544,-215.0
1545,-137.0
1546,-240.0
1547,-173.0
1548,-276.0
1549,-500.0
1550,-255.0
1551,-229.0
1552,-247.0
1553,-272.0
1554,-226.0
1555,-134.0
1556,-171.0
1557,-214.0
1558,-127.0
1559,-133.0
1560,-185.0
1561,-325.0
1562,-154.0
1563,-252.0
1564,-218.0
1565,-193.0
1566,-186.0
1567,-139.0
1568,-500.0
1569,-322.0
1570,-192.0
1571,-211.0
1572,-164.0
1573,-242.0
1574,-377.0
1575,-256.0
1576,-180.0
1577,-234.0
1578,-260.0
1579,-255.0
1580,-301.0
1581,-288.0
1582,-283.0
1583,-208.0
1584,-227.0
1585,-133.0
1586,-249.0
1587,-260.0
1588,-198.0
1589,-500.0
1590,-183.0
1591,-206.0
1592,-168.0
1593,-209.0
1594,-280.0
1595,-154.0
1596,-196.0
1597,-299.0
1598,-423.0
1599,-303.0
1600,-256.0
1601,-232.0
1602,-138.0
1603,-200.0
1604,-380.0
1605,-500.0
1606,-254.0
1607,-182.0
1608,-223.0
1609,-268.0
1610,-163.0
1611,-250.0
1612,-271.0
1613,-211.0
1614,-257.0
1615,-185.0
1616,-241.0
1617,-147.0
1618,-134.0
1619,-183.0
1620,-434.0
1621,-189.0
1622,-210.0
1623,-151.0
1624,-129.0
1625,-220.0
1626,-234.0
1627,-206.0
1628,-258.0
1629,-273.0
1630,-500.0
1631,-246.0
1632,-210.0
1633,-162.0
1634,-109.0
1635,-500.0
1636,-168.0
1637,-310.0
1638,-169.0
1639,-250.0
1640,-216.0
1641,-174.0
1642,-168.0
1643,-197.0
1644,-355.0
1645,-334.0
1646,-285.0
1647,-210.0
1648,-180.0
1649,-150.0
1650,-204.0
1651,-500.0
1652,-336.0
1653,-201.0
1654,-197.0
1655,-205.0
1656,-187.0
1657,-197.0
1658,-159.0
1659,-159.0
1660,-214.0
1661,-162.0
1662,-230.0
1663,-247.0
1664,-245.0
1665,-306.0
1666,-174.0
1667,-263.0
1668,-187.0
1669,-203.0
1670,-281.0
1671,-289.0
1672,-260.0
1673,-500.0
1674,-213.0
1675,-200.0
1676,-163.0
1677,-174.0
1678,-273.0
1679,-269.0
1680,-115.0
1681,-167.0
1682,-500.0
1683,-204.0
1684,-230.0
1685,-198.0
1686,-388.0
1687,-167.0
1688,-280.0
1689,-285.0
1690,-236.0
1691,-238.0
1692,-208.0
1693,-134.0
1694,-158.0
1695,-162.0
1696,-175.0
1697,-166.0
1698,-120.0
1699,-154.0
1700,-149.0
1701,-126.0
1702,-243.0
1703,-190.0
1704,-235.0
1705,-157.0
1706,-238.0
1707,-155.0
1708,-500.0
1709,-205.0
1710,-178.0
1711,-203.0
1712,-221.0
1713,-382.0
1714,-220.0
1715,-285.0
1716,-151.0
1717,-214.0
1718,-179.0
1719,-137.0
1720,-500.0
1721,-351.0
1722,-183.0
1723,-234.0
1724,-156.0
1725,-220.0
1726,-198.0
1727,-276.0
1728,-355.0
1729,-124.0
1730,-224.0
1731,-239.0
1732,-223.0
1733,-302.0
1734,-256.0
1735,-176.0
1736,-300.0
1737,-197.0
1738,-197.0
1739,-191.0
1740,-151.0
1741,-225.0
1742,-193.0
1743,-156.0
1744,-159.0
1745,-174.0
1746,-232.0
1747,-273.0
1748,-190.0
1749,-148.0
1750,-193.0
1751,-287.0
1752,-120.0
1753,-141.0
1754,-160.0
1755,-190.0
1756,-172.0
1757,-219.0
1758,-187.0
1759,-182.0
1760,-140.0
1761,-234.0
1762,-146.0
1763,-209.0
1764,-181.0
1765,-146.0
1766,-120.0
1767,-185.0
1768,-329.0
1769,-239.0
1770,-139.0
1771,-500.0
1772,-190.0
1773,-223.0
1774,-139.0
1775,-202.0
1776,-142.0
1777,-153.0
1778,-256.0
1779,-161.0
1780,-122.0
1781,-331.0
1782,-202.0
1783,-251.0
1784,-149.0
1785,-185.0
1786,-204.0
1787,-259.0
1788,-173.0
1789,-194.0
1790,-188.0
1791,-212.0
1792,-265.0
1793,-251.0
1794,-166.0
1795,-240.0
1796,-191.0
1797,-128.0
1798,-295.0
1799,-286.0
1800,-182.0
1801,-237.0
1802,-240.0
1803,-185.0
1804,-188.0
1805,-156.0
1806,-179.0
1807,-246.0
1808,-246.0
1809,-348.0
1810,-161.0
1811,-266.0
1812,-254.0
1813,-265.0
1814,-241.0
1815,-236.0
1816,-163.0
1817,-283.0
1818,-160.0
1819,-193.0
1820,-219.0
1821,-237.0
1822,-401.0
1823,-175.0
1824,-188.0
1825,-277.0
1826,-151.0
1827,-172.0
1828,-254.0
1829,-252.0
1830,-167.0
1831,-500.0
1832,-165.0
1833,-177.0
1834,-209.0
1835,-271.0
1836,-203.0
1837,-226.0
1838,-233.0
1839,-200.0
1840,-182.0
1841,-163.0
1842,-339.0
1843,-193.0
1844,-179.0
1845,-258.0
1846,-234.0
1847,-132.0
1848,-234.0
1849,-204.0
1850,-289.0
1851,-196.0
1852,-198.0
1853,-145.0
1854,-263.0
1855,-500.0
1856,-223.0
1857,-231.0
1858,-250.0
1859,-217.0
1860,-240.0
1861,-231.0
1862,-281.0
1863,-160.0
1864,-196.0
1865,-236.0
1866,-300.0
1867,-200.0
1868,-131.0
1869,-270.0
1870,-313.0
1871,-292.0
1872,-225.0
1873,-224.0
1874,-155.0
1875,-259.0
1876,-268.0
1877,-309.0
1878,-199.0
1879,-209.0
1880,-174.0
1881,-251.0
1882,-374.0
1883,-212.0
1884,-247.0
1885,-244.0
1886,-238.0
1887,-249.0
1888,-500.0
1889,-191.0
1890,-254.0
1891,-243.0
1892,-176.0
1893,-500.0
1894,-269.0
1895,-343.0
1896,-184.0
1897,-242.0
1898,-217.0
1899,-203.0
1900,-312.0
1901,-141.0
1902,-135.0
1903,-141.0
1904,-413.0
1905,-221.0
1906,-169.0
1907,-336.0
1908,-215.0
1909,-241.0
1910,-303.0
1911,-188.0
1912,-270.0
1913,-260.0
1914,-231.0
1915,-202.0
1916,-298.0
1917,-230.0
1918,-217.0
1919,-247.0
1920,-291.0
1921,-193.0
1922,-182.0
1923,-500.0
1924,-253.0
1925,-167.0
1926,-152.0
1927,-199.0
1928,-190.0
1929,-312.0
1930,-189.0
1931,-262.0
1932,-255.0
1933,-193.0
1934,-284.0
1935,-162.0
1936,-430.0
1937,-172.0
1938,-445.0
1939,-231.0
1940,-255.0
1941,-304.0
1942,-238.0
1943,-153.0
1944,-168.0
1945,-194.0
1946,-230.0
1947,-200.0
1948,-210.0
1949,-130.0
1950,-240.0
1951,-158.0
1952,-235.0
1953,-342.0
1954,-279.0
1955,-301.0
1956,-190.0
1957,-196.0
1958,-254.0
1959,-359.0
1960,-222.0
1961,-191.0
1962,-330.0
1963,-227.0
1964,-208.0
1965,-238.0
1966,-194.0
1967,-242.0
1968,-228.0
1969,-210.0
1970,-413.0
1971,-300.0
1972,-214.0
1973,-225.0
1974,-285.0
1975,-155.0
1976,-173.0
1977,-149.0
1978,-277.0
1979,-490.0
1980,-203.0
1981,-145.0
1982,-192.0
1983,-337.0
1984,-141.0
1985,-214.0
1986,-244.0
1987,-190.0
1988,-271.0
1989,-224.0
1990,-371.0
1991,-223.0
1992,-208.0
1993,-185.0
1994,-500.0
1995,-249.0
1996,-161.0
1997,-160.0
1998,-172.0
1999,-134.0
2000,-158.0
2001,-144.0
2002,-239.0
2003,-227.0
2004,-270.0
2005,-207.0
2006,-309.0
2007,-115.0
2008,-152.0
2009,-283.0
2010,-177.0
2011,-140.0
2012,-169.0
2013,-157.0
2014,-170.0
2015,-391.0
2016,-175.0
2017,-213.0
2018,-262.0
2019,-155.0
2020,-349.0
2021,-228.0
2022,-250.0
2023,-258.0
2024,-262.0
2025,-190.0
2026,-217.0
2027,-200.0
2028,-114.0
2029,-268.0
2030,-170.0
2031,-164.0
2032,-137.0
2033,-264.0
2034,-175.0
2035,-202.0
2036,-153.0
2037,-165.0
2038,-219.0
2039,-220.0
2040,-188.0
2041,-210.0
2042,-205.0
2043,-164.0
2044,-221.0
2045,-139.0
2046,-128.0
2047,-194.0
2048,-153.0
2049,-184.0
2050,-211.0
2051,-177.0
2052,-227.0
2053,-250.0
2054,-250.0
2055,-204.0
2056,-214.0
2057,-217.0
2058,-297.0
2059,-331.0
2060,-258.0
2061,-210.0
2062,-160.0
2063,-123.0
2064,-208.0
2065,-165.0
2066,-219.0
2067,-130.0
2068,-137.0
2069,-129.0
2070,-175.0
2071,-137.0
2072,-286.0
2073,-194.0
2074,-229.0
2075,-229.0
2076,-209.0
2077,-200.0
2078,-178.0
2079,-190.0
2080,-183.0
2081,-146.0
2082,-223.0
2083,-289.0
2084,-221.0
2085,-198.0
2086,-161.0
2087,-278.0
2088,-124.0
2089,-278.0
2090,-237.0
2091,-214.0
2092,-200.0
2093,-226.0
2094,-247.0
2095,-196.0
2096,-282.0
2097,-152.0
2098,-184.0
2099,-365.0
2100,-330.0
2101,-178.0
2102,-165.0
2103,-177.0
2104,-249.0
2105,-186.0
2106,-245.0
2107,-276.0
2108,-241.0
2109,-184.0
2110,-187.0
2111,-207.0
2112,-228.0
2113,-271.0
2114,-130.0
2115,-194.0
2116,-209.0
2117,-203.0
2118,-200.0
2119,-190.0
2120,-218.0
2121,-194.0
2122,-215.0
2123,-156.0
2124,-203.0
2125,-230.0
2126,-182.0
2127,-277.0
2128,-191.0
2129,-210.0
2130,-418.0
2131,-206.0
2132,-231.0
2133,-290.0
2134,-288.0
2135,-189.0
2136,-207.0
2137,-185.0
2138,-224.0
2139,-176.0
2140,-130.0
2141,-193.0
2142,-137.0
2143,-210.0
2144,-251.0
2145,-169.0
2146,-171.0
2147,-163.0
2148,-228.0
2149,-128.0
2150,-215.0
2151,-236.0
2152,-181.0
2153,-199.0
2154,-261.0
2155,-168.0
2156,-298.0
2157,-222.0
2158,-185.0
2159,-226.0
2160,-157.0
2161,-162.0
2162,-318.0
2163,-181.0
2164,-119.0
2165,-270.0
2166,-500.0
2167,-155.0
2168,-500.0
2169,-183.0
2170,-195.0
2171,-223.0
2172,-272.0
2173,-233.0
2174,-227.0
2175,-182.0
2176,-140.0
2177,-211.0
2178,-160.0
2179,-156.0
2180,-222.0
2181,-180.0
2182,-255.0
2183,-174.0
2184,-242.0
2185,-222.0
2186,-180.0
2187,-159.0
2188,-191.0
2189,-170.0
2190,-154.0
2191,-301.0
2192,-212.0
2193,-183.0
2194,-212.0
2195,-254.0
2196,-325.0
2197,-192.0
2198,-243.0
2199,-433.0
2200,-205.0
2201,-253.0
2202,-165.0
2203,-200.0
2204,-218.0
2205,-189.0
2206,-316.0
2207,-88.0
2208,-230.0
2209,-174.0
2210,-256.0
2211,-170.0
2212,-206.0
2213,-290.0
2214,-189.0
2215,-179.0
2216,-204.0
2217,-248.0
2218,-169.0
2219,-210.0
2220,-256.0
2221,-284.0
2222,-305.0
2223,-234.0
2224,-219.0
2225,-353.0
2226,-200.0
2227,-249.0
2228,-200.0
2229,-186.0
2230,-356.0
2231,-203.0
2232,-260.0
2233,-183.0
2234,-211.0
2235,-155.0
2236,-193.0
2237,-282.0
2238,-145.0
2239,-269.0
2240,-274.0
2241,-263.0
2242,-158.0
2243,-124.0
2244,-238.0
2245,-194.0
2246,-214.0
2247,-215.0
2248,-227.0
2249,-235.0
2250,-303.0
2251,-285.0
2252,-239.0
2253,-310.0
2254,-152.0
2255,-218.0
2256,-294.0
2257,-168.0
2258,-135.0
2259,-500.0
2260,-289.0
2261,-271.0
2262,-314.0
2263,-215.0
2264,-302.0
2265,-293.0
2266,-243.0
2267,-162.0
2268,-230.0
2269,-230.0
2270,-329.0
2271,-114.0
2272,-210.0
2273,-230.0
2274,-402.0
2275,-366.0
2276,-154.0
2277,-261.0
2278,-251.0
2279,-218.0
2280,-173.0
2281,-194.0
2282,-209.0
2283,-357.0
2284,-250.0
2285,-169.0
2286,-174.0
2287,-360.0
2288,-285.0
2289,-185.0
2290,-500.0
2291,-207.0
2292,-145.0
2293,-158.0
2294,-257.0
2295,-204.0
2296,-164.0
2297,-199.0
2298,-327.0
2299,-250.0
2300,-212.0
2301,-184.0
2302,-202.0
2303,-184.0
2304,-178.0
2305,-145.0
2306,-212.0
2307,-187.0
2308,-197.0
2309,-225.0
2310,-211.0
2311,-286.0
2312,-152.0
2313,-255.0
2314,-194.0
2315,-173.0
2316,-298.0
2317,-142.0
2318,-285.0
2319,-188.0
2320,-180.0
2321,-244.0
2322,-307.0
2323,-145.0
2324,-248.0
2325,-258.0
2326,-235.0
2327,-194.0
2328,-273.0
2329,-255.0
2330,-148.0
2331,-160.0
2332,-242.0
2333,-180.0
2334,-234.0
2335,-143.0
2336,-252.0
2337,-212.0
2338,-496.0
2339,-371.0
2340,-253.0
2341,-271.0
2342,-207.0
2343,-226.0
2344,-255.0
2345,-283.0
2346,-273.0
2347,-265.0
2348,-207.0
2349,-371.0
2350,-230.0
2351,-231.0
2352,-219.0
2353,-212.0
2354,-157.0
2355,-293.0
2356,-260.0
2357,-244.0
2358,-165.0
2359,-433.0
2360,-243.0
2361,-196.0
2362,-322.0
2363,-193.0
2364,-178.0
2365,-147.0
2366,-277.0
2367,-196.0
2368,-247.0
2369,-158.0
2370,-305.0
2371,-277.0
2372,-224.0
2373,-339.0
2374,-164.0
2375,-229.0
2376,-246.0
2377,-157.0
2378,-332.0
2379,-182.0
2380,-172.0
2381,-227.0
2382,-203.0
2383,-224.0
2384,-254.0
2385,-250.0
2386,-199.0
2387,-380.0
2388,-212.0
2389,-247.0
2390,-245.0
2391,-290.0
2392,-274.0
2393,-139.0
2394,-428.0
2395,-211.0
2396,-143.0
2397,-221.0
2398,-258.0
2399,-500.0
2400,-173.0
2401,-192.0
2402,-255.0
2403,-186.0
2404,-256.0
2405,-500.0
2406,-186.0
2407,-245.0
2408,-121.0
2409,-181.0
2410,-402.0
2411,-199.0
2412,-273.0
2413,-328.0
2414,-260.0
2415,-199.0
2416,-419.0
2417,-332.0
2418,-209.0
2419,-187.0
2420,-345.0
2421,-205.0
2422,-318.0
2423,-396.0
2424,-255.0
2425,-249.0
2426,-237.0
2427,-190.0
2428,-240.0
2429,-194.0
2430,-221.0
2431,-201.0
2432,-279.0
2433,-189.0
2434,-252.0
2435,-215.0
2436,-253.0
2437,-153.0
2438,-306.0
2439,-187.0
2440,-261.0
2441,-177.0
2442,-134.0
2443,-308.0
2444,-159.0
2445,-150.0
2446,-178.0
2447,-232.0
2448,-136.0
2449,-246.0
2450,-195.0
2451,-215.0
2452,-153.0
2453,-192.0
2454,-195.0
2455,-292.0
2456,-225.0
2457,-327.0
2458,-178.0
2459,-131.0
2460,-226.0
2461,-125.0
2462,-160.0
2463,-315.0
2464,-198.0
2465,-168.0
2466,-202.0
2467,-190.0
2468,-211.0
2469,-193.0
2470,-369.0
2471,-262.0
2472,-307.0
2473,-267.0
2474,-234.0
2475,-225.0
2476,-211.0
2477,-145.0
2478,-191.0
2479,-168.0
2480,-176.0
2481,-168.0
2482,-207.0
2483,-132.0
2484,-193.0
2485,-197.0
2486,-199.0
2487,-216.0
2488,-183.0
2489,-177.0
2490,-184.0
2491,-142.0
2492,-211.0
2493,-442.0
2494,-172.0
2495,-188.0
2496,-216.0
2497,-203.0
2498,-160.0
2499,-254.0
2500,-245.0
2501,-209.0
2502,-132.0
2503,-258.0
2504,-161.0
2505,-177.0
2506,-166.0
2507,-243.0
2508,-295.0
2509,-168.0
2510,-194.0
2511,-230.0
2512,-285.0
2513,-204.0
2514,-225.0
2515,-167.0
2516,-213.0
2517,-261.0
2518,-245.0
2519,-210.0
2520,-198.0
2521,-142.0
2522,-331.0
2523,-302.0
2524,-198.0
2525,-199.0
2526,-185.0
2527,-276.0
2528,-191.0
2529,-222.0
2530,-168.0
2531,-223.0
2532,-222.0
2533,-234.0
2534,-168.0
2535,-190.0
2536,-191.0
2537,-168.0
2538,-117.0
2539,-278.0
2540,-382.0
2541,-343.0
2542,-268.0
2543,-186.0
2544,-135.0
2545,-231.0
2546,-289.0
2547,-366.0
2548,-352.0
2549,-280.0
2550,-261.0
2551,-184.0
2552,-281.0
2553,-351.0
2554,-232.0
2555,-134.0
2556,-215.0
2557,-321.0
2558,-133.0
2559,-292.0
2560,-147.0
2561,-219.0
2562,-476.0
2563,-219.0
2564,-225.0
2565,-289.0
2566,-200.0
2567,-228.0
2568,-137.0
2569,-162.0
2570,-224.0
2571,-322.0
2572,-226.0
2573,-128.0
2574,-237.0
2575,-164.0
2576,-151.0
2577,-142.0
2578,-231.0
2579,-205.0
2580,-256.0
2581,-252.0
2582,-203.0
2583,-291.0
2584,-209.0
2585,-215.0
2586,-242.0
2587,-215.0
2588,-450.0
2589,-174.0
2590,-153.0
2591,-207.0
2592,-289.0
2593,-134.0
2594,-206.0
2595,-344.0
2596,-345.0
2597,-186.0
2598,-223.0
2599,-381.0
2600,-222.0
2601,-175.0
2602,-233.0
2603,-327.0
2604,-199.0
2605,-173.0
2606,-206.0
2607,-214.0
2608,-230.0
2609,-500.0
2610,-185.0
2611,-160.0
2612,-257.0
2613,-166.0
2614,-250.0
2615,-242.0
2616,-137.0
2617,-266.0
2618,-500.0
2619,-163.0
2620,-223.0
2621,-192.0
2622,-340.0
2623,-219.0
2624,-500.0
2625,-364.0
2626,-254.0
2627,-275.0
2628,-273.0
2629,-144.0
2630,-272.0
2631,-214.0
2632,-163.0
2633,-233.0
2634,-233.0
2635,-208.0
2636,-302.0
2637,-261.0
2638,-276.0
2639,-173.0
2640,-269.0
2641,-415.0
2642,-220.0
2643,-248.0
2644,-196.0
2645,-243.0
2646,-235.0
2647,-240.0
2648,-294.0
2649,-240.0
2650,-350.0
2651,-298.0
2652,-398.0
2653,-234.0
2654,-222.0
2655,-208.0
2656,-500.0
2657,-292.0
2658,-169.0
2659,-263.0
2660,-277.0
2661,-500.0
2662,-236.0
2663,-204.0
2664,-122.0
2665,-228.0
2666,-318.0
2667,-155.0
2668,-320.0
2669,-448.0
2670,-345.0
2671,-154.0
2672,-213.0
2673,-247.0
2674,-150.0
2675,-214.0
2676,-268.0
2677,-239.0
2678,-250.0
2679,-316.0
2680,-226.0
2681,-500.0
2682,-368.0
2683,-227.0
2684,-251.0
2685,-203.0
2686,-250.0
2687,-261.0
2688,-220.0
2689,-287.0
2690,-160.0
2691,-212.0
2692,-249.0
2693,-259.0
2694,-233.0
2695,-298.0
2696,-201.0
2697,-359.0
2698,-244.0
2699,-259.0
2700,-195.0
2701,-252.0
2702,-171.0
2703,-124.0
2704,-205.0
2705,-254.0
2706,-214.0
2707,-169.0
2708,-358.0
2709,-190.0
2710,-240.0
2711,-181.0
2712,-233.0
2713,-164.0
2714,-150.0
2715,-148.0
2716,-298.0
2717,-238.0
2718,-308.0
2719,-212.0
2720,-258.0
2721,-195.0
2722,-298.0
2723,-363.0
2724,-159.0
2725,-235.0
2726,-232.0
2727,-218.0
2728,-221.0
2729,-214.0
2730,-358.0
2731,-221.0
2732,-240.0
2733,-237.0
2734,-322.0
2735,-231.0
2736,-294.0
2737,-230.0
2738,-474.0
2739,-241.0
2740,-229.0
2741,-206.0
2742,-284.0
2743,-260.0
2744,-274.0
2745,-200.0
2746,-265.0
2747,-247.0
2748,-229.0
2749,-125.0
2750,-294.0
2751,-296.0
2752,-184.0
2753,-221.0
2754,-152.0
2755,-287.0
2756,-204.0
2757,-181.0
2758,-289.0
2759,-413.0
2760,-324.0
2761,-372.0
2762,-266.0
2763,-231.0
2764,-181.0
2765,-224.0
2766,-358.0
2767,-201.0
2768,-201.0
2769,-195.0
2770,-189.0
2771,-247.0
2772,-500.0
2773,-225.0
2774,-288.0
2775,-218.0
2776,-188.0
2777,-261.0
2778,-371.0
2779,-153.0
2780,-177.0
2781,-331.0
2782,-285.0
2783,-337.0
2784,-204.0
2785,-286.0
2786,-325.0
2787,-251.0
2788,-399.0
2789,-248.0
2790,-239.0
2791,-346.0
2792,-286.0
2793,-227.0
2794,-305.0
2795,-140.0
2796,-161.0
2797,-258.0
2798,-196.0
2799,-163.0
2800,-254.0
2801,-283.0
2802,-132.0
2803,-475.0
2804,-316.0
2805,-337.0
2806,-209.0
2807,-291.0
2808,-263.0
2809,-197.0
2810,-285.0
2811,-184.0
2812,-254.0
2813,-194.0
2814,-368.0
2815,-454.0
2816,-200.0
2817,-334.0
2818,-275.0
2819,-129.0
2820,-454.0
2821,-293.0
2822,-500.0
2823,-262.0
2824,-287.0
2825,-294.0
2826,-267.0
2827,-344.0
2828,-232.0
2829,-392.0
2830,-277.0
2831,-286.0
2832,-245.0
2833,-162.0
2834,-178.0
2835,-220.0
2836,-373.0
2837,-275.0
2838,-270.0
2839,-213.0
2840,-289.0
2841,-135.0
2842,-219.0
2843,-163.0
2844,-274.0
2845,-191.0
2846,-407.0
2847,-151.0
2848,-306.0
2849,-242.0
2850,-220.0
2851,-251.0
2852,-213.0
2853,-355.0
2854,-212.0
2855,-248.0
2856,-218.0
2857,-356.0
2858,-214.0
2859,-195.0
2860,-218.0
2861,-209.0
2862,-212.0
2863,-360.0
2864,-193.0
2865,-157.0
2866,-214.0
2867,-500.0
2868,-416.0
2869,-157.0
2870,-141.0
2871,-197.0
2872,-213.0
2873,-197.0
2874,-248.0
2875,-155.0
2876,-232.0
2877,-207.0
2878,-189.0
2879,-142.0
2880,-297.0
2881,-227.0
2882,-303.0
2883,-279.0
2884,-271.0
2885,-210.0
2886,-198.0
2887,-240.0
2888,-135.0
2889,-211.0
2890,-292.0
2891,-284.0
2892,-500.0
2893,-178.0
2894,-134.0
2895,-189.0
2896,-303.0
2897,-198.0
2898,-155.0
2899,-221.0
2900,-206.0
2901,-278.0
2902,-473.0
2903,-267.0
2904,-227.0
2905,-184.0
2906,-346.0
2907,-179.0
2908,-253.0
2909,-283.0
2910,-159.0
2911,-132.0
2912,-349.0
2913,-161.0
2914,-272.0
2915,-352.0
2916,-167.0
2917,-379.0
2918,-325.0
2919,-251.0
2920,-186.0
2921,-194.0
2922,-163.0
2923,-277.0
2924,-200.0
2925,-270.0
2926,-307.0
2927,-321.0
2928,-233.0
2929,-287.0
2930,-250.0
2931,-169.0
2932,-228.0
2933,-193.0
2934,-176.0
2935,-200.0
2936,-407.0
2937,-165.0
2938,-256.0
2939,-303.0
2940,-226.0
2941,-172.0
2942,-258.0
2943,-169.0
2944,-312.0
2945,-356.0
2946,-229.0
2947,-283.0
2948,-174.0
2949,-241.0
2950,-123.0
2951,-147.0
2952,-263.0
2953,-111.0
2954,-236.0
2955,-241.0
2956,-308.0
2957,-272.0
2958,-212.0
2959,-262.0
2960,-411.0
2961,-190.0
2962,-137.0
2963,-210.0
2964,-372.0
2965,-260.0
2966,-238.0
2967,-278.0
2968,-256.0
2969,-259.0
2970,-238.0
2971,-222.0
2972,-496.0
2973,-500.0
2974,-358.0
2975,-171.0
2976,-265.0
2977,-173.0
2978,-184.0
2979,-154.0
2980,-224.0
2981,-250.0
2982,-219.0
2983,-500.0
2984,-272.0
2985,-170.0
2986,-372.0
2987,-169.0
2988,-316.0
2989,-192.0
2990,-190.0
2991,-202.0
2992,-243.0
2993,-265.0
2994,-193.0
2995,-195.0
2996,-333.0
2997,-208.0
2998,-253.0
2999,-239.0
3000,-154.0
3001,-322.0
3002,-176.0
3003,-278.0
3004,-348.0
3005,-242.0
3006,-185.0
3007,-242.0
3008,-140.0
3009,-176.0
3010,-122.0
3011,-242.0
3012,-266.0
3013,-263.0
3014,-126.0
3015,-265.0
3016,-217.0
3017,-235.0
3018,-312.0
3019,-246.0
3020,-319.0
3021,-253.0
3022,-246.0
3023,-293.0
3024,-101.0
3025,-155.0
3026,-186.0
3027,-169.0
3028,-227.0
3029,-437.0
3030,-237.0
3031,-287.0
3032,-120.0
3033,-203.0
3034,-205.0
3035,-298.0
3036,-225.0
3037,-219.0
3038,-280.0
3039,-247.0
3040,-174.0
3041,-167.0
3042,-199.0
3043,-164.0
3044,-312.0
3045,-243.0
3046,-172.0
3047,-197.0
3048,-500.0
3049,-500.0
3050,-211.0
3051,-186.0
3052,-216.0
3053,-219.0
3054,-196.0
3055,-225.0
3056,-139.0
3057,-192.0
3058,-260.0
3059,-143.0
3060,-130.0
3061,-227.0
3062,-185.0
3063,-351.0
3064,-236.0
3065,-254.0
3066,-227.0
3067,-226.0
3068,-186.0
3069,-276.0
3070,-242.0
3071,-213.0
3072,-177.0
3073,-193.0
3074,-283.0
3075,-181.0
3076,-172.0
3077,-210.0
3078,-214.0
3079,-236.0
3080,-169.0
3081,-261.0
3082,-170.0
3083,-248.0
3084,-346.0
3085,-237.0
3086,-155.0
3087,-266.0
3088,-170.0
3089,-282.0
3090,-244.0
3091,-500.0
3092,-154.0
3093,-164.0
3094,-244.0
3095,-298.0
3096,-267.0
3097,-202.0
3098,-250.0
3099,-287.0
3100,-362.0
3101,-224.0
3102,-293.0
3103,-198.0
3104,-197.0
3105,-330.0
3106,-218.0
3107,-183.0
3108,-345.0
3109,-306.0
3110,-207.0
3111,-500.0
3112,-219.0
3113,-215.0
3114,-194.0
3115,-381.0
3116,-211.0
3117,-248.0
3118,-350.0
3119,-347.0
3120,-169.0
3121,-208.0
3122,-169.0
3123,-205.0
3124,-379.0
3125,-180.0
3126,-500.0
3127,-223.0
3128,-466.0
3129,-412.0
3130,-255.0
3131,-224.0
3132,-196.0
3133,-157.0
3134,-155.0
3135,-283.0
3136,-194.0
3137,-162.0
3138,-271.0
3139,-158.0
3140,-225.0
3141,-319.0
3142,-259.0
3143,-271.0
3144,-202.0
3145,-158.0
3146,-201.0
3147,-181.0
3148,-254.0
3149,-158.0
3150,-188.0
3151,-436.0
3152,-238.0
3153,-219.0
3154,-179.0
3155,-208.0
3156,-232.0
3157,-239.0
3158,-270.0
3159,-197.0
3160,-271.0
3161,-174.0
3162,-500.0
3163,-173.0
3164,-260.0
3165,-205.0
3166,-403.0
3167,-340.0
3168,-254.0
3169,-224.0
3170,-200.0
3171,-184.0
3172,-226.0
3173,-158.0
3174,-177.0
3175,-245.0
3176,-198.0
3177,-214.0
3178,-175.0
3179,-174.0
3180,-206.0
3181,-214.0
3182,-214.0
3183,-241.0
3184,-215.0
3185,-218.0
3186,-240.0
3187,-500.0
3188,-214.0
3189,-500.0
3190,-159.0
3191,-147.0
3192,-344.0
3193,-232.0
3194,-283.0
3195,-148.0
3196,-156.0
3197,-263.0
3198,-304.0
3199,-214.0
3200,-143.0
3201,-336.0
3202,-151.0
3203,-200.0
3204,-146.0
3205,-136.0
3206,-212.0
3207,-188.0
3208,-160.0
3209,-268.0
3210,-163.0
3211,-171.0
3212,-402.0
3213,-277.0
3214,-187.0
3215,-414.0
3216,-259.0
3217,-177.0
3218,-145.0
3219,-257.0
3220,-250.0
3221,-163.0
3222,-362.0
3223,-205.0
3224,-153.0
3225,-313.0
3226,-217.0
3227,-212.0
3228,-230.0
3229,-179.0
3230,-178.0
3231,-234.0
3232,-237.0
3233,-247.0
3234,-161.0
3235,-166.0
3236,-140.0
3237,-140.0
3238,-143.0
3239,-192.0
3240,-279.0
3241,-222.0
3242,-344.0
3243,-190.0
3244,-180.0
3245,-271.0
3246,-352.0
3247,-195.0
3248,-186.0
3249,-200.0
3250,-373.0
3251,-200.0
3252,-183.0
3253,-218.0
3254,-169.0
3255,-240.0
3256,-366.0
3257,-157.0
3258,-183.0
3259,-118.0
3260,-224.0
3261,-265.0
3262,-226.0
3263,-229.0
3264,-200.0
3265,-213.0
3266,-203.0
3267,-184.0
3268,-197.0
3269,-283.0
3270,-206.0
3271,-263.0
3272,-195.0
3273,-187.0
3274,-441.0
3275,-177.0
3276,-240.0
3277,-412.0
3278,-250.0
3279,-359.0
3280,-183.0
3281,-204.0
3282,-205.0
3283,-143.0
3284,-271.0
3285,-160.0
3286,-303.0
3287,-171.0
3288,-310.0
3289,-194.0
3290,-244.0
3291,-174.0
3292,-281.0
3293,-196.0
3294,-347.0
3295,-170.0
3296,-229.0
3297,-217.0
3298,-210.0
3299,-144.0
3300,-168.0
3301,-311.0
3302,-250.0
3303,-175.0
3304,-285.0
3305,-217.0
3306,-307.0
3307,-209.0
3308,-173.0
3309,-206.0
3310,-233.0
3311,-253.0
3312,-232.0
3313,-255.0
3314,-230.0
3315,-221.0
3316,-157.0
3317,-252.0
3318,-500.0
3319,-189.0
3320,-221.0
3321,-156.0
3322,-166.0
3323,-277.0
3324,-201.0
3325,-220.0
3326,-423.0
3327,-243.0
3328,-153.0
3329,-167.0
3330,-163.0
3331,-340.0
3332,-339.0
3333,-147.0
3334,-271.0
3335,-275.0
3336,-156.0
3337,-204.0
3338,-228.0
3339,-258.0
3340,-303.0
3341,-224.0
3342,-169.0
3343,-160.0
3344,-269.0
3345,-132.0
3346,-196.0
3347,-224.0
3348,-223.0
3349,-156.0
3350,-242.0
3351,-179.0
3352,-233.0
3353,-215.0
3354,-185.0
3355,-286.0
3356,-192.0
3357,-171.0
3358,-398.0
3359,-231.0
3360,-208.0
3361,-160.0
3362,-164.0
3363,-172.0
3364,-236.0
3365,-197.0
3366,-183.0
3367,-250.0
3368,-124.0
3369,-141.0
3370,-172.0
3371,-221.0
3372,-180.0
3373,-287.0
3374,-142.0
3375,-289.0
3376,-250.0
3377,-293.0
3378,-250.0
3379,-483.0
3380,-316.0
3381,-229.0
3382,-264.0
3383,-228.0
3384,-198.0
3385,-327.0
3386,-179.0
3387,-252.0
3388,-303.0
3389,-163.0
3390,-380.0
3391,-500.0
3392,-295.0
3393,-239.0
3394,-188.0
3395,-252.0
3396,-288.0
3397,-253.0
3398,-148.0
3399,-113.0
3400,-210.0
3401,-214.0
3402,-274.0
3403,-387.0
3404,-148.0
3405,-166.0
3406,-274.0
3407,-467.0
3408,-182.0
3409,-174.0
3410,-196.0
3411,-242.0
3412,-337.0
3413,-191.0
3414,-204.0
3415,-219.0
3416,-161.0
3417,-140.0
3418,-185.0
3419,-186.0
3420,-154.0
3421,-153.0
3422,-206.0
3423,-153.0
3424,-141.0
3425,-218.0
3426,-232.0
3427,-500.0
3428,-198.0
3429,-266.0
3430,-348.0
3431,-334.0
3432,-128.0
3433,-198.0
3434,-199.0
3435,-116.0
3436,-242.0
3437,-139.0
3438,-133.0
3439,-182.0
3440,-334.0
3441,-161.0
3442,-143.0
3443,-199.0
3444,-208.0
3445,-173.0
3446,-255.0
3447,-269.0
3448,-171.0
3449,-170.0
3450,-144.0
3451,-340.0
3452,-239.0
3453,-187.0
3454,-500.0
3455,-243.0
3456,-231.0
3457,-127.0
3458,-133.0
3459,-216.0
3460,-200.0
3461,-198.0
3462,-190.0
3463,-174.0
3464,-216.0
3465,-136.0
3466,-317.0
3467,-233.0
3468,-232.0
3469,-214.0
3470,-212.0
3471,-277.0
3472,-239.0
3473,-201.0
3474,-213.0
3475,-222.0
3476,-335.0
3477,-187.0
3478,-160.0
3479,-156.0
3480,-154.0
3481,-166.0
3482,-104.0
3483,-294.0
3484,-206.0
3485,-299.0
3486,-168.0
3487,-282.0
3488,-191.0
3489,-108.0
3490,-269.0
3491,-155.0
3492,-165.0
3493,-272.0
3494,-156.0
3495,-208.0
3496,-177.0
3497,-188.0
3498,-234.0
3499,-194.0
3500,-194.0
3501,-241.0
3502,-174.0
3503,-158.0
3504,-128.0
3505,-157.0
3506,-222.0
3507,-187.0
3508,-228.0
3509,-211.0
3510,-196.0
3511,-266.0
3512,-242.0
3513,-311.0
3514,-171.0
3515,-136.0
3516,-162.0
3517,-211.0
3518,-234.0
3519,-216.0
3520,-184.0
3521,-211.0
3522,-180.0
3523,-217.0
3524,-223.0
3525,-188.0
3526,-274.0
3527,-153.0
3528,-113.0
3529,-166.0
3530,-357.0
3531,-187.0
3532,-173.0
3533,-189.0
3534,-165.0
3535,-242.0
3536,-236.0
3537,-198.0
3538,-294.0
3539,-236.0
3540,-298.0
3541,-287.0
3542,-199.0
3543,-209.0
3544,-299.0
3545,-500.0
3546,-461.0
3547,-233.0
3548,-333.0
3549,-170.0
3550,-222.0
3551,-428.0
3552,-130.0
3553,-247.0
3554,-142.0
3555,-172.0
3556,-162.0
3557,-290.0
3558,-228.0
3559,-173.0
3560,-273.0
3561,-200.0
3562,-376.0
3563,-204.0
3564,-247.0
3565,-225.0
3566,-144.0
3567,-152.0
3568,-281.0
3569,-117.0
3570,-198.0
3571,-110.0
3572,-146.0
3573,-187.0
3574,-197.0
3575,-387.0
3576,-219.0
3577,-197.0
3578,-169.0
3579,-215.0
3580,-198.0
3581,-163.0
3582,-195.0
3583,-199.0
3584,-156.0
3585,-153.0
3586,-224.0
3587,-246.0
3588,-147.0
3589,-129.0
3590,-136.0
3591,-137.0
3592,-162.0
3593,-250.0
3594,-158.0
3595,-149.0
3596,-149.0
3597,-209.0
3598,-187.0
3599,-191.0
3600,-191.0
3601,-166.0
3602,-169.0
3603,-159.0
3604,-312.0
3605,-174.0
3606,-283.0
3607,-174.0
3608,-198.0
3609,-216.0
3610,-149.0
3611,-212.0
3612,-245.0
3613,-213.0
3614,-260.0
3615,-194.0
3616,-190.0
3617,-217.0
3618,-180.0
3619,-191.0
3620,-110.0
3621,-103.0
3622,-291.0
3623,-460.0
3624,-157.0
3625,-137.0
3626,-472.0
3627,-228.0
3628,-188.0
3629,-191.0
3630,-190.0
3631,-183.0
3632,-171.0
3633,-357.0
3634,-212.0
3635,-284.0
3636,-121.0
3637,-138.0
3638,-150.0
3639,-229.0
3640,-171.0
3641,-198.0
3642,-149.0
3643,-172.0
3644,-112.0
3645,-151.0
3646,-176.0
3647,-96.0
3648,-280.0
3649,-250.0
3650,-168.0
3651,-254.0
3652,-173.0
3653,-201.0
3654,-164.0
3655,-315.0
3656,-254.0
3657,-131.0
3658,-179.0
3659,-178.0
3660,-172.0
3661,-146.0
3662,-181.0
3663,-222.0
3664,-198.0
3665,-129.0
3666,-221.0
3667,-156.0
3668,-156.0
3669,-266.0
3670,-174.0
3671,-171.0
3672,-158.0
3673,-223.0
3674,-267.0
3675,-243.0
3676,-203.0
3677,-149.0
3678,-203.0
3679,-182.0
3680,-129.0
3681,-226.0
3682,-168.0
3683,-188.0
3684,-241.0
3685,-233.0
3686,-299.0
3687,-150.0
3688,-473.0
3689,-142.0
3690,-191.0
3691,-230.0
3692,-188.0
3693,-197.0
3694,-140.0
3695,-475.0
3696,-181.0
3697,-500.0
3698,-143.0
3699,-227.0
3700,-143.0
3701,-191.0
3702,-218.0
3703,-215.0
3704,-274.0
3705,-151.0
3706,-234.0
3707,-243.0
3708,-235.0
3709,-158.0
3710,-107.0
3711,-174.0
3712,-408.0
3713,-153.0
3714,-475.0
3715,-182.0
3716,-221.0
3717,-209.0
3718,-158.0
3719,-196.0
3720,-192.0
3721,-228.0
3722,-167.0
3723,-167.0
3724,-242.0
3725,-187.0
3726,-123.0
3727,-192.0
3728,-186.0
3729,-151.0
3730,-116.0
3731,-200.0
3732,-193.0
3733,-279.0
3734,-154.0
3735,-138.0
3736,-188.0
3737,-235.0
3738,-249.0
3739,-143.0
3740,-292.0
3741,-226.0
3742,-251.0
3743,-195.0
3744,-225.0
3745,-262.0
3746,-330.0
3747,-190.0
3748,-198.0
3749,-261.0
3750,-231.0
3751,-192.0
3752,-181.0
3753,-180.0
3754,-224.0
3755,-218.0
3756,-164.0
3757,-203.0
3758,-159.0
3759,-237.0
3760,-185.0
3761,-131.0
3762,-186.0
3763,-301.0
3764,-184.0
3765,-237.0
3766,-129.0
3767,-212.0
3768,-330.0
3769,-175.0
3770,-193.0
3771,-132.0
3772,-195.0
3773,-352.0
3774,-133.0
3775,-241.0
3776,-194.0
3777,-230.0
3778,-217.0
3779,-148.0
3780,-310.0
3781,-143.0
3782,-158.0
3783,-189.0
3784,-181.0
3785,-226.0
3786,-283.0
3787,-190.0
3788,-229.0
3789,-320.0
3790,-148.0
3791,-165.0
3792,-200.0
3793,-500.0
3794,-215.0
3795,-212.0
3796,-174.0
3797,-160.0
3798,-266.0
3799,-182.0
3800,-256.0
3801,-236.0
3802,-255.0
3803,-222.0
3804,-216.0
3805,-151.0
3806,-132.0
3807,-249.0
3808,-287.0
3809,-241.0
3810,-201.0
3811,-276.0
3812,-297.0
3813,-180.0
3814,-303.0
3815,-173.0
3816,-163.0
3817,-243.0
3818,-188.0
3819,-179.0
3820,-126.0
3821,-251.0
3822,-239.0
3823,-272.0
3824,-256.0
3825,-226.0
3826,-187.0
3827,-231.0
3828,-134.0
3829,-156.0
3830,-169.0
3831,-204.0
3832,-190.0
3833,-321.0
3834,-147.0
3835,-161.0
3836,-211.0
3837,-202.0
3838,-208.0
3839,-221.0
3840,-197.0
3841,-172.0
3842,-168.0
3843,-334.0
3844,-145.0
3845,-191.0
3846,-166.0
3847,-151.0
3848,-382.0
3849,-215.0
3850,-299.0
3851,-262.0
3852,-252.0
3853,-199.0
3854,-158.0
3855,-186.0
3856,-334.0
3857,-230.0
3858,-155.0
3859,-286.0
3860,-152.0
3861,-203.0
3862,-203.0
3863,-168.0
3864,-160.0
3865,-172.0
3866,-171.0
3867,-198.0
3868,-383.0
3869,-214.0
3870,-229.0
3871,-143.0
3872,-226.0
3873,-170.0
3874,-212.0
3875,-149.0
3876,-140.0
3877,-214.0
3878,-234.0
3879,-190.0
3880,-345.0
3881,-241.0
3882,-216.0
3883,-196.0
3884,-144.0
3885,-165.0
3886,-172.0
3887,-172.0
3888,-97.0
3889,-189.0
3890,-241.0
3891,-110.0
3892,-149.0
3893,-126.0
3894,-191.0
3895,-127.0
3896,-327.0
3897,-244.0
3898,-183.0
3899,-220.0
3900,-158.0
3901,-244.0
3902,-140.0
3903,-89.0
3904,-194.0
3905,-149.0
3906,-142.0
3907,-184.0
3908,-235.0
3909,-144.0
3910,-191.0
3911,-235.0
3912,-277.0
3913,-296.0
3914,-500.0
3915,-257.0
3916,-263.0
3917,-146.0
3918,-276.0
3919,-122.0
3920,-227.0
3921,-281.0
3922,-160.0
3923,-132.0
3924,-192.0
3925,-184.0
3926,-158.0
3927,-192.0
3928,-165.0
3929,-225.0
3930,-379.0
3931,-132.0
3932,-305.0
3933,-181.0
3934,-187.0
3935,-246.0
3936,-211.0
3937,-172.0
3938,-133.0
3939,-171.0
3940,-245.0
3941,-165.0
3942,-237.0
3943,-295.0
3944,-234.0
3945,-221.0
3946,-231.0
3947,-192.0
3948,-241.0
3949,-172.0
3950,-152.0
3951,-233.0
3952,-278.0
3953,-352.0
3954,-212.0
3955,-148.0
3956,-229.0
3957,-252.0
3958,-155.0
3959,-201.0
3960,-361.0
3961,-205.0
3962,-182.0
3963,-219.0
3964,-307.0
3965,-353.0
3966,-204.0
3967,-197.0
3968,-245.0
3969,-192.0
3970,-500.0
3971,-293.0
3972,-145.0
3973,-355.0
3974,-268.0
3975,-199.0
3976,-371.0
3977,-180.0
3978,-217.0
3979,-138.0
3980,-230.0
3981,-452.0
3982,-342.0
3983,-253.0
3984,-152.0
3985,-128.0
3986,-189.0
3987,-158.0
3988,-275.0
3989,-140.0
3990,-273.0
3991,-497.0
3992,-235.0
3993,-202.0
3994,-153.0
3995,-226.0
3996,-367.0
3997,-175.0
3998,-208.0
3999,-174.0
4000,-276.0
4001,-148.0
4002,-197.0
4003,-198.0
4004,-227.0
4005,-196.0
4006,-177.0
4007,-244.0
4008,-213.0
4009,-165.0
4010,-136.0
4011,-229.0
4012,-154.0
4013,-239.0
4014,-207.0
4015,-256.0
4016,-139.0
4017,-357.0
4018,-271.0
4019,-238.0
4020,-128.0
4021,-188.0
4022,-211.0
4023,-219.0
4024,-235.0
4025,-166.0
4026,-188.0
4027,-195.0
4028,-165.0
4029,-212.0
4030,-157.0
4031,-308.0
4032,-178.0
4033,-150.0
4034,-283.0
4035,-136.0
4036,-204.0
4037,-233.0
4038,-188.0
4039,-232.0
4040,-171.0
4041,-136.0
4042,-158.0
4043,-191.0
4044,-161.0
4045,-237.0
4046,-154.0
4047,-227.0
4048,-267.0
4049,-156.0
4050,-189.0
4051,-353.0
4052,-215.0
4053,-127.0
4054,-134.0
4055,-224.0
4056,-222.0
4057,-232.0
4058,-163.0
4059,-130.0
4060,-190.0
4061,-136.0
4062,-261.0
4063,-281.0
4064,-155.0
4065,-192.0
4066,-239.0
4067,-178.0
4068,-132.0
4069,-155.0
4070,-211.0
4071,-153.0
4072,-207.0
4073,-245.0
4074,-263.0
4075,-193.0
4076,-204.0
4077,-204.0
4078,-216.0
4079,-163.0
4080,-344.0
4081,-139.0
4082,-244.0
4083,-381.0
4084,-289.0
4085,-313.0
4086,-194.0
4087,-173.0
4088,-203.0
4089,-191.0
4090,-154.0
4091,-351.0
4092,-188.0
4093,-188.0
4094,-166.0
4095,-131.0
4096,-122.0
4097,-248.0
4098,-148.0
4099,-380.0
4100,-168.0
4101,-153.0
4102,-385.0
4103,-336.0
4104,-322.0
4105,-177.0
4106,-157.0
4107,-300.0
4108,-121.0
4109,-134.0
4110,-130.0
4111,-182.0
4112,-146.0
4113,-197.0
4114,-235.0
4115,-362.0
4116,-169.0
4117,-272.0
4118,-399.0
4119,-245.0
4120,-322.0
4121,-333.0
4122,-143.0
4123,-255.0
4124,-205.0
4125,-402.0
4126,-217.0
4127,-171.0
4128,-169.0
4129,-362.0
4130,-175.0
4131,-173.0
4132,-179.0
4133,-247.0
4134,-153.0
4135,-179.0
4136,-188.0
4137,-165.0
4138,-107.0
4139,-197.0
4140,-140.0
4141,-188.0
4142,-219.0
4143,-182.0
4144,-143.0
4145,-269.0
4146,-346.0
4147,-500.0
4148,-277.0
4149,-174.0
4150,-225.0
4151,-201.0
4152,-286.0
4153,-217.0
4154,-178.0
4155,-205.0
4156,-166.0
4157,-260.0
4158,-433.0
4159,-259.0
4160,-161.0
4161,-400.0
4162,-154.0
4163,-214.0
4164,-182.0
4165,-292.0
4166,-193.0
4167,-182.0
4168,-124.0
4169,-268.0
4170,-192.0
4171,-228.0
4172,-253.0
4173,-165.0
4174,-182.0
4175,-247.0
4176,-204.0
4177,-344.0
4178,-366.0
4179,-154.0
4180,-168.0
4181,-267.0
4182,-364.0
4183,-223.0
4184,-182.0
4185,-500.0
4186,-189.0
4187,-155.0
4188,-154.0
4189,-193.0
4190,-161.0
4191,-127.0
4192,-161.0
4193,-204.0
4194,-107.0
4195,-219.0
4196,-486.0
4197,-410.0
4198,-188.0
4199,-377.0
4200,-184.0
4201,-223.0
4202,-188.0
4203,-155.0
4204,-264.0
4205,-190.0
4206,-295.0
4207,-500.0
4208,-186.0
4209,-182.0
4210,-213.0
4211,-200.0
4212,-173.0
4213,-226.0
4214,-239.0
4215,-313.0
4216,-323.0
4217,-251.0
4218,-157.0
4219,-210.0
4220,-231.0
4221,-177.0
4222,-346.0
4223,-359.0
4224,-195.0
4225,-325.0
4226,-239.0
4227,-261.0
4228,-172.0
4229,-261.0
4230,-296.0
4231,-263.0
4232,-212.0
4233,-394.0
4234,-310.0
4235,-291.0
4236,-285.0
4237,-271.0
4238,-193.0
4239,-130.0
4240,-144.0
4241,-286.0
4242,-176.0
4243,-270.0
4244,-390.0
4245,-228.0
4246,-205.0
4247,-360.0
4248,-500.0
4249,-248.0
4250,-171.0
4251,-261.0
4252,-263.0
4253,-227.0
4254,-288.0
4255,-285.0
4256,-156.0
4257,-116.0
4258,-232.0
4259,-172.0
4260,-209.0
4261,-310.0
4262,-197.0
4263,-194.0
4264,-305.0
4265,-270.0
4266,-317.0
4267,-200.0
4268,-288.0
4269,-243.0
4270,-223.0
4271,-131.0
4272,-265.0
4273,-296.0
4274,-203.0
4275,-247.0
4276,-149.0
4277,-400.0
4278,-189.0
4279,-178.0
4280,-228.0
4281,-321.0
4282,-185.0
4283,-252.0
4284,-214.0
4285,-202.0
4286,-181.0
4287,-170.0
4288,-139.0
4289,-362.0
4290,-500.0
4291,-192.0
4292,-177.0
4293,-225.0
4294,-500.0
4295,-306.0
4296,-166.0
4297,-205.0
4298,-164.0
4299,-300.0
4300,-351.0
4301,-379.0
4302,-383.0
4303,-147.0
4304,-176.0
4305,-271.0
4306,-386.0
4307,-290.0
4308,-319.0
4309,-286.0
4310,-392.0
4311,-169.0
4312,-202.0
4313,-251.0
4314,-220.0
4315,-325.0
4316,-400.0
4317,-427.0
4318,-334.0
4319,-241.0
4320,-260.0
4321,-261.0
4322,-227.0
4323,-211.0
4324,-162.0
4325,-500.0
4326,-195.0
4327,-142.0
4328,-147.0
4329,-390.0
4330,-188.0
4331,-500.0
4332,-304.0
4333,-228.0
4334,-373.0
4335,-306.0
4336,-198.0
4337,-296.0
4338,-259.0
4339,-263.0
4340,-413.0
4341,-286.0
4342,-279.0
4343,-271.0
